Metric,Before Training,After Training,Improvement
Accuracy,0.50004,0.92412,0.42408
F1 (Binary),0.00015998720102391808,0.9245155385778521,0.9243555513768281
F1 (Macro),0.33342221605977757,0.924117916460103,0.5906957004003255
Precision (Macro),0.750010000400016,0.9241665863858494,0.1741565859858334
Recall (Macro),0.50004,0.92412,0.42408
